{"cameraMode":{"drawMode":0,"name":"Shaded","section":"Shading Mode"},"sceneLighting":true,"audioPlay":false,"sceneViewState":{"m_AlwaysRefresh":false,"showFog":true,"showSkybox":true,"showFlares":true,"showImageEffects":true,"showParticleSystems":true,"showVisualEffectGraphs":true,"m_FxEnabled":true},"in2DMode":false,"pivot":{"x":3.702904224395752,"y":3.658083200454712,"z":0.5545862913131714},"rotation":{"x":-0.013793953694403172,"y":0.04707488790154457,"z":-0.0006500015151686966,"w":-0.9987959861755371},"size":0.9745901226997376,"orthographic":false}